{
  "$type": "ThunderRoad.EffectData, ThunderRoad",
  "id": "RevealBruiseLeft",
  "sensitiveContent": "None",
  "sensitiveFilterBehaviour": "Discard",
  "version": 0,
  "groupId": "Misc",
  "volumeDb": 0.0,
  "modules": [
    {
      "$type": "ThunderRoad.EffectModuleReveal, ThunderRoad",
      "maskTextureContainerAddress": "HuJohner.TextureContainer.RevealMask.BruiseLeft",
      "applyOn": "Target",
      "typeFilter": "Default, Body",
      "depth": 0.25,
      "minSize": 0.1,
      "maxSize": 0.1,
      "penetrationSize": 0.18,
      "minChannelMultiplier": {
        "x": 0.0,
        "y": 0.0,
        "z": 0.0,
        "w": 0.0
      },
      "maxChannelMultiplier": {
        "x": 0.01,
        "y": 0.01,
        "z": 0.01,
        "w": 0.01
      },
      "penetrationChannelMultiplier": {
        "x": 1.0,
        "y": 1.0,
        "z": 1.0,
        "w": 1.0
      },
      "offsetDistance": 0.1,
      "allowItem": false,
      "allowRagdollPart": true,
      "revealData": [
        {
          "$type": "ThunderRoad.Reveal.RevealData, ThunderRoad.Reveal",
          "blendOp": "Add",
          "colorMask": "Blue, Green, Red",
          "delay": 0.0,
          "overTime": 0.0,
          "deltaMultiplier": 0.0,
          "widthMultiplier": 1.0,
          "heightMultiplier": 1.0,
          "overTimeRenderTextureFormat": "ARGB32",
          "generateMipMaps": false,
          "swizzleAlphaRed": false,
          "overTimeSwizzleColorMask": "Red"
        }
      ],
      "step": "Start",
      "stepCustomId": null,
      "loopCustomStep": false,
      "platformFilter": "Windows, Android",
      "sensitiveContent": "Blood",
      "sensitiveFilterBehaviour": "Discard",
      "damagerStateFilter": "Active",
      "damageTypeFilter": "Blunt",
      "reparentWithBreakable": true,
      "imbuesFilterLogic": "AnyExcept",
      "imbuesFilter": [],
      "colliderGroupFilterLogic": "AnyExcept",
      "colliderGroupsFilter": [],
      "damagersFilterLogic": "AnyExcept",
      "damagersFilter": []
    }
  ]
}