{
  "$type": "Choking.SkillChoke, Choking",
  "id": "Choke",
  "sensitiveContent": "None",
  "sensitiveFilterBehaviour": "Discard",
  "version": 0,
  "shardId": "Crystal_Small_01_Shard",
  "prefabAddress": "Bas.Item.Misc.SkillOrb",
  "meshAddress": null,
  "meshSize": 1.0,
  "orbLinkEffectId": "SkillTreeOrbLink",
  "tier": 1,
  "allowSkill": true,
  "forceAllowRefund": false,
  "showInTree": true,
  "hideInSkillMenu": false,
  "skillTreeDisplayName": "Choke",
  "description": "Grab an enemy by the neck and squeeze to slowly choke them to death.",
  "imageAddress": "",
  "videoAddress": "HuJohner.Video.Skill.Choke",
  "buttonSpriteSheetAddress": "Bas.Ui.SkillTree.Icons",
  "buttonEnabledIconAddress": "Bas.Ui.SkillTree.Icons[Body_ButtonColor]",
  "buttonDisabledIconAddress": "Bas.Ui.SkillTree.Icons[Body_Button]",
  "orbIconAddress": "HuJohner.Ui.SkillTree.Icons.Choke",
  "tutorial": null,
  "tutorialLocalizationId": null,
  "tutorialGoal": null,
  "tutorialGoalLocalizationId": null,
  "costOverride": -1,
  "isDefaultSkill": false,
  "primarySkillTreeId": "Body",
  "secondarySkillTreeId": null,
  "isTierBlocker": false,
  "groupPath": null,
  "IsCombinedSkill": false,
  "classUnique": true
}